County,State,None,D0_percarea,D1_percarea,D2_percarea,D3_percarea,D4_percarea,start,end
Columbia County,NY,100,0,0,0,0,0,12/27/22,1/2/23
Columbia County,NY,100,0,0,0,0,0,12/20/22,12/26/22
Columbia County,NY,99.71,0.29,0,0,0,0,12/13/22,12/19/22
Columbia County,NY,99.71,0.29,0,0,0,0,12/6/22,12/12/22
Columbia County,NY,99.71,0.29,0,0,0,0,11/29/22,12/5/22
Columbia County,NY,99.71,0.29,0,0,0,0,11/22/22,11/28/22
Columbia County,NY,99.79,0.21,0,0,0,0,11/15/22,11/21/22
Columbia County,NY,97.24,2.76,0,0,0,0,11/8/22,11/14/22
Columbia County,NY,97.24,2.76,0,0,0,0,11/1/22,11/7/22
Columbia County,NY,97.24,2.76,0,0,0,0,10/25/22,10/31/22
Columbia County,NY,97.24,2.76,0,0,0,0,10/18/22,10/24/22
Columbia County,NY,37.9,62.1,0,0,0,0,10/11/22,10/17/22
Columbia County,NY,37.9,60.22,1.88,0,0,0,10/4/22,10/10/22
Columbia County,NY,0,69.64,30.36,0,0,0,9/27/22,10/3/22
Columbia County,NY,0,4.91,90.63,4.46,0,0,9/20/22,9/26/22
Columbia County,NY,0,4.02,91.52,4.46,0,0,9/13/22,9/19/22
Columbia County,NY,0,4.02,91.52,4.46,0,0,9/6/22,9/12/22
Columbia County,NY,0,0,95.68,4.32,0,0,8/30/22,9/5/22
Columbia County,NY,0,0,95.68,4.32,0,0,8/23/22,8/29/22
Columbia County,NY,0,0,95.68,4.32,0,0,8/16/22,8/22/22
Columbia County,NY,0,93.96,6.04,0,0,0,8/9/22,8/15/22
Columbia County,NY,16.71,76.17,7.12,0,0,0,8/2/22,8/8/22
Columbia County,NY,16.71,83.29,0,0,0,0,7/26/22,8/1/22
Columbia County,NY,72.58,27.42,0,0,0,0,7/19/22,7/25/22
Columbia County,NY,74.66,25.34,0,0,0,0,7/12/22,7/18/22
Columbia County,NY,78.99,21.01,0,0,0,0,7/5/22,7/11/22
Columbia County,NY,99.84,0.16,0,0,0,0,6/28/22,7/4/22
Columbia County,NY,100,0,0,0,0,0,6/21/22,6/27/22
Columbia County,NY,100,0,0,0,0,0,6/14/22,6/20/22
Columbia County,NY,100,0,0,0,0,0,6/7/22,6/13/22
Columbia County,NY,100,0,0,0,0,0,5/31/22,6/6/22
Columbia County,NY,100,0,0,0,0,0,5/24/22,5/30/22
Columbia County,NY,100,0,0,0,0,0,5/17/22,5/23/22
Columbia County,NY,100,0,0,0,0,0,5/10/22,5/16/22
Columbia County,NY,100,0,0,0,0,0,5/3/22,5/9/22
Columbia County,NY,100,0,0,0,0,0,4/26/22,5/2/22
Columbia County,NY,100,0,0,0,0,0,4/19/22,4/25/22
Columbia County,NY,100,0,0,0,0,0,4/12/22,4/18/22
Columbia County,NY,100,0,0,0,0,0,4/5/22,4/11/22
Columbia County,NY,100,0,0,0,0,0,3/29/22,4/4/22
Columbia County,NY,100,0,0,0,0,0,3/22/22,3/28/22
Columbia County,NY,100,0,0,0,0,0,3/15/22,3/21/22
Columbia County,NY,100,0,0,0,0,0,3/8/22,3/14/22
Columbia County,NY,100,0,0,0,0,0,3/1/22,3/7/22
Columbia County,NY,100,0,0,0,0,0,2/22/22,2/28/22
Columbia County,NY,100,0,0,0,0,0,2/15/22,2/21/22
Columbia County,NY,100,0,0,0,0,0,2/8/22,2/14/22
Columbia County,NY,100,0,0,0,0,0,2/1/22,2/7/22
Columbia County,NY,100,0,0,0,0,0,1/25/22,1/31/22
Columbia County,NY,100,0,0,0,0,0,1/18/22,1/24/22
Columbia County,NY,100,0,0,0,0,0,1/11/22,1/17/22
Columbia County,NY,100,0,0,0,0,0,1/4/22,1/10/22
Columbia County,NY,100,0,0,0,0,0,12/28/21,1/3/22
Columbia County,NY,100,0,0,0,0,0,12/21/21,12/27/21
Columbia County,NY,100,0,0,0,0,0,12/14/21,12/20/21
Columbia County,NY,100,0,0,0,0,0,12/7/21,12/13/21
Columbia County,NY,100,0,0,0,0,0,11/30/21,12/6/21
Columbia County,NY,100,0,0,0,0,0,11/23/21,11/29/21
Columbia County,NY,100,0,0,0,0,0,11/16/21,11/22/21
Columbia County,NY,100,0,0,0,0,0,11/9/21,11/15/21
Columbia County,NY,100,0,0,0,0,0,11/2/21,11/8/21
Columbia County,NY,100,0,0,0,0,0,10/26/21,11/1/21
Columbia County,NY,100,0,0,0,0,0,10/19/21,10/25/21
Columbia County,NY,100,0,0,0,0,0,10/12/21,10/18/21
Columbia County,NY,100,0,0,0,0,0,10/5/21,10/11/21
Columbia County,NY,100,0,0,0,0,0,9/28/21,10/4/21
Columbia County,NY,100,0,0,0,0,0,9/21/21,9/27/21
Columbia County,NY,100,0,0,0,0,0,9/14/21,9/20/21
Columbia County,NY,100,0,0,0,0,0,9/7/21,9/13/21
Columbia County,NY,100,0,0,0,0,0,8/31/21,9/6/21
Columbia County,NY,100,0,0,0,0,0,8/24/21,8/30/21
Columbia County,NY,100,0,0,0,0,0,8/17/21,8/23/21
Columbia County,NY,100,0,0,0,0,0,8/10/21,8/16/21
Columbia County,NY,100,0,0,0,0,0,8/3/21,8/9/21
Columbia County,NY,100,0,0,0,0,0,7/27/21,8/2/21
Columbia County,NY,100,0,0,0,0,0,7/20/21,7/26/21
Columbia County,NY,100,0,0,0,0,0,7/13/21,7/19/21
Columbia County,NY,100,0,0,0,0,0,7/6/21,7/12/21
Columbia County,NY,100,0,0,0,0,0,6/29/21,7/5/21
Columbia County,NY,100,0,0,0,0,0,6/22/21,6/28/21
Columbia County,NY,100,0,0,0,0,0,6/15/21,6/21/21
Columbia County,NY,100,0,0,0,0,0,6/8/21,6/14/21
Columbia County,NY,100,0,0,0,0,0,6/1/21,6/7/21
Columbia County,NY,100,0,0,0,0,0,5/25/21,5/31/21
Columbia County,NY,100,0,0,0,0,0,5/18/21,5/24/21
Columbia County,NY,100,0,0,0,0,0,5/11/21,5/17/21
Columbia County,NY,0,100,0,0,0,0,5/4/21,5/10/21
Columbia County,NY,0,100,0,0,0,0,4/27/21,5/3/21
Columbia County,NY,0,100,0,0,0,0,4/20/21,4/26/21
Columbia County,NY,0,100,0,0,0,0,4/13/21,4/19/21
Columbia County,NY,88.71,11.29,0,0,0,0,4/6/21,4/12/21
Columbia County,NY,100,0,0,0,0,0,3/30/21,4/5/21
Columbia County,NY,100,0,0,0,0,0,3/23/21,3/29/21
Columbia County,NY,99.61,0.39,0,0,0,0,3/16/21,3/22/21
Columbia County,NY,99.48,0.52,0,0,0,0,3/9/21,3/15/21
Columbia County,NY,100,0,0,0,0,0,3/2/21,3/8/21
Columbia County,NY,100,0,0,0,0,0,2/23/21,3/1/21
Columbia County,NY,100,0,0,0,0,0,2/16/21,2/22/21
Columbia County,NY,100,0,0,0,0,0,2/9/21,2/15/21
Columbia County,NY,100,0,0,0,0,0,2/2/21,2/8/21
Columbia County,NY,100,0,0,0,0,0,1/26/21,2/1/21
Columbia County,NY,100,0,0,0,0,0,1/19/21,1/25/21
Columbia County,NY,100,0,0,0,0,0,1/12/21,1/18/21
Columbia County,NY,100,0,0,0,0,0,1/5/21,1/11/21
Columbia County,NY,100,0,0,0,0,0,12/29/20,1/4/21
Columbia County,NY,100,0,0,0,0,0,12/22/20,12/28/20
Columbia County,NY,100,0,0,0,0,0,12/15/20,12/21/20
Columbia County,NY,100,0,0,0,0,0,12/8/20,12/14/20
Columbia County,NY,100,0,0,0,0,0,12/1/20,12/7/20
Columbia County,NY,100,0,0,0,0,0,11/24/20,11/30/20
Columbia County,NY,100,0,0,0,0,0,11/17/20,11/23/20
Columbia County,NY,100,0,0,0,0,0,11/10/20,11/16/20
Columbia County,NY,100,0,0,0,0,0,11/3/20,11/9/20
Columbia County,NY,85.22,14.78,0,0,0,0,10/27/20,11/2/20
Columbia County,NY,85.22,14.78,0,0,0,0,10/20/20,10/26/20
Columbia County,NY,85.22,14.78,0,0,0,0,10/13/20,10/19/20
Columbia County,NY,85.22,14.78,0,0,0,0,10/6/20,10/12/20
Columbia County,NY,55.84,42.71,1.44,0,0,0,9/29/20,10/5/20
Columbia County,NY,57.84,42.16,0,0,0,0,9/22/20,9/28/20
Columbia County,NY,57.84,42.16,0,0,0,0,9/15/20,9/21/20
Columbia County,NY,57.84,42.16,0,0,0,0,9/8/20,9/14/20
Columbia County,NY,57.84,42.16,0,0,0,0,9/1/20,9/7/20
Columbia County,NY,3.86,96.14,0,0,0,0,8/25/20,8/31/20
Columbia County,NY,3.86,96.14,0,0,0,0,8/18/20,8/24/20
Columbia County,NY,3.86,96.14,0,0,0,0,8/11/20,8/17/20
Columbia County,NY,0,3.95,96.05,0,0,0,8/4/20,8/10/20
Columbia County,NY,0,3.95,96.05,0,0,0,7/28/20,8/3/20
Columbia County,NY,0,3.95,96.05,0,0,0,7/21/20,7/27/20
Columbia County,NY,0,3.95,96.05,0,0,0,7/14/20,7/20/20
Columbia County,NY,0,11.92,88.08,0,0,0,7/7/20,7/13/20
Columbia County,NY,0,60.17,39.83,0,0,0,6/30/20,7/6/20
Columbia County,NY,0,60.17,39.83,0,0,0,6/23/20,6/29/20
Columbia County,NY,1.53,98.47,0,0,0,0,6/16/20,6/22/20
Columbia County,NY,11.42,88.58,0,0,0,0,6/9/20,6/15/20
Columbia County,NY,100,0,0,0,0,0,6/2/20,6/8/20
Columbia County,NY,100,0,0,0,0,0,5/26/20,6/1/20
Columbia County,NY,100,0,0,0,0,0,5/19/20,5/25/20
Columbia County,NY,100,0,0,0,0,0,5/12/20,5/18/20
Columbia County,NY,100,0,0,0,0,0,5/5/20,5/11/20
Columbia County,NY,100,0,0,0,0,0,4/28/20,5/4/20
Columbia County,NY,100,0,0,0,0,0,4/21/20,4/27/20
Columbia County,NY,100,0,0,0,0,0,4/14/20,4/20/20
Columbia County,NY,100,0,0,0,0,0,4/7/20,4/13/20
Columbia County,NY,100,0,0,0,0,0,3/31/20,4/6/20
Columbia County,NY,100,0,0,0,0,0,3/24/20,3/30/20
Columbia County,NY,100,0,0,0,0,0,3/17/20,3/23/20
Columbia County,NY,100,0,0,0,0,0,3/10/20,3/16/20
Columbia County,NY,100,0,0,0,0,0,3/3/20,3/9/20
Columbia County,NY,100,0,0,0,0,0,2/25/20,3/2/20
Columbia County,NY,100,0,0,0,0,0,2/18/20,2/24/20
Columbia County,NY,100,0,0,0,0,0,2/11/20,2/17/20
Columbia County,NY,100,0,0,0,0,0,2/4/20,2/10/20
Columbia County,NY,100,0,0,0,0,0,1/28/20,2/3/20
Columbia County,NY,100,0,0,0,0,0,1/21/20,1/27/20
Columbia County,NY,100,0,0,0,0,0,1/14/20,1/20/20
Columbia County,NY,100,0,0,0,0,0,1/7/20,1/13/20
Columbia County,NY,100,0,0,0,0,0,12/31/19,1/6/20
Columbia County,NY,100,0,0,0,0,0,12/24/19,12/30/19
Columbia County,NY,100,0,0,0,0,0,12/17/19,12/23/19
Columbia County,NY,100,0,0,0,0,0,12/10/19,12/16/19
Columbia County,NY,100,0,0,0,0,0,12/3/19,12/9/19
Columbia County,NY,100,0,0,0,0,0,11/26/19,12/2/19
Columbia County,NY,100,0,0,0,0,0,11/19/19,11/25/19
Columbia County,NY,100,0,0,0,0,0,11/12/19,11/18/19
Columbia County,NY,100,0,0,0,0,0,11/5/19,11/11/19
Columbia County,NY,100,0,0,0,0,0,10/29/19,11/4/19
Columbia County,NY,100,0,0,0,0,0,10/22/19,10/28/19
Columbia County,NY,66.51,33.49,0,0,0,0,10/15/19,10/21/19
Columbia County,NY,66.51,33.49,0,0,0,0,10/8/19,10/14/19
Columbia County,NY,66.75,33.25,0,0,0,0,10/1/19,10/7/19
Columbia County,NY,66.14,33.86,0,0,0,0,9/24/19,9/30/19
Columbia County,NY,100,0,0,0,0,0,9/17/19,9/23/19
Columbia County,NY,100,0,0,0,0,0,9/10/19,9/16/19
Columbia County,NY,100,0,0,0,0,0,9/3/19,9/9/19
Columbia County,NY,100,0,0,0,0,0,8/27/19,9/2/19
Columbia County,NY,100,0,0,0,0,0,8/20/19,8/26/19
Columbia County,NY,100,0,0,0,0,0,8/13/19,8/19/19
Columbia County,NY,100,0,0,0,0,0,8/6/19,8/12/19
Columbia County,NY,100,0,0,0,0,0,7/30/19,8/5/19
Columbia County,NY,100,0,0,0,0,0,7/23/19,7/29/19
Columbia County,NY,89.44,10.56,0,0,0,0,7/16/19,7/22/19
Columbia County,NY,100,0,0,0,0,0,7/9/19,7/15/19
Columbia County,NY,100,0,0,0,0,0,7/2/19,7/8/19
Columbia County,NY,100,0,0,0,0,0,6/25/19,7/1/19
Columbia County,NY,100,0,0,0,0,0,6/18/19,6/24/19
Columbia County,NY,100,0,0,0,0,0,6/11/19,6/17/19
Columbia County,NY,100,0,0,0,0,0,6/4/19,6/10/19
Columbia County,NY,100,0,0,0,0,0,5/28/19,6/3/19
Columbia County,NY,100,0,0,0,0,0,5/21/19,5/27/19
Columbia County,NY,100,0,0,0,0,0,5/14/19,5/20/19
Columbia County,NY,100,0,0,0,0,0,5/7/19,5/13/19
Columbia County,NY,100,0,0,0,0,0,4/30/19,5/6/19
Columbia County,NY,100,0,0,0,0,0,4/23/19,4/29/19
Columbia County,NY,100,0,0,0,0,0,4/16/19,4/22/19
Columbia County,NY,100,0,0,0,0,0,4/9/19,4/15/19
Columbia County,NY,100,0,0,0,0,0,4/2/19,4/8/19
Columbia County,NY,100,0,0,0,0,0,3/26/19,4/1/19
Columbia County,NY,100,0,0,0,0,0,3/19/19,3/25/19
Columbia County,NY,100,0,0,0,0,0,3/12/19,3/18/19
Columbia County,NY,100,0,0,0,0,0,3/5/19,3/11/19
Columbia County,NY,100,0,0,0,0,0,2/26/19,3/4/19
Columbia County,NY,100,0,0,0,0,0,2/19/19,2/25/19
Columbia County,NY,100,0,0,0,0,0,2/12/19,2/18/19
Columbia County,NY,100,0,0,0,0,0,2/5/19,2/11/19
Columbia County,NY,100,0,0,0,0,0,1/29/19,2/4/19
Columbia County,NY,100,0,0,0,0,0,1/22/19,1/28/19
Columbia County,NY,100,0,0,0,0,0,1/15/19,1/21/19
Columbia County,NY,100,0,0,0,0,0,1/8/19,1/14/19
Columbia County,NY,100,0,0,0,0,0,1/1/19,1/7/19
Columbia County,NY,100,0,0,0,0,0,12/25/18,12/31/18
Columbia County,NY,100,0,0,0,0,0,12/18/18,12/24/18
Columbia County,NY,100,0,0,0,0,0,12/11/18,12/17/18
Columbia County,NY,100,0,0,0,0,0,12/4/18,12/10/18
Columbia County,NY,100,0,0,0,0,0,11/27/18,12/3/18
Columbia County,NY,100,0,0,0,0,0,11/20/18,11/26/18
Columbia County,NY,100,0,0,0,0,0,11/13/18,11/19/18
Columbia County,NY,100,0,0,0,0,0,11/6/18,11/12/18
Columbia County,NY,100,0,0,0,0,0,10/30/18,11/5/18
Columbia County,NY,100,0,0,0,0,0,10/23/18,10/29/18
Columbia County,NY,100,0,0,0,0,0,10/16/18,10/22/18
Columbia County,NY,100,0,0,0,0,0,10/9/18,10/15/18
Columbia County,NY,100,0,0,0,0,0,10/2/18,10/8/18
Columbia County,NY,100,0,0,0,0,0,9/25/18,10/1/18
Columbia County,NY,100,0,0,0,0,0,9/18/18,9/24/18
Columbia County,NY,100,0,0,0,0,0,9/11/18,9/17/18
Columbia County,NY,100,0,0,0,0,0,9/4/18,9/10/18
Columbia County,NY,100,0,0,0,0,0,8/28/18,9/3/18
Columbia County,NY,100,0,0,0,0,0,8/21/18,8/27/18
Columbia County,NY,100,0,0,0,0,0,8/14/18,8/20/18
Columbia County,NY,100,0,0,0,0,0,8/7/18,8/13/18
Columbia County,NY,100,0,0,0,0,0,7/31/18,8/6/18
Columbia County,NY,0,100,0,0,0,0,7/24/18,7/30/18
Columbia County,NY,0,100,0,0,0,0,7/17/18,7/23/18
Columbia County,NY,0,100,0,0,0,0,7/10/18,7/16/18
Columbia County,NY,0,100,0,0,0,0,7/3/18,7/9/18
Columbia County,NY,0,100,0,0,0,0,6/26/18,7/2/18
Columbia County,NY,0,100,0,0,0,0,6/19/18,6/25/18
Columbia County,NY,100,0,0,0,0,0,6/12/18,6/18/18
Columbia County,NY,100,0,0,0,0,0,6/5/18,6/11/18
Columbia County,NY,100,0,0,0,0,0,5/29/18,6/4/18
Columbia County,NY,100,0,0,0,0,0,5/22/18,5/28/18
Columbia County,NY,100,0,0,0,0,0,5/15/18,5/21/18
Columbia County,NY,100,0,0,0,0,0,5/8/18,5/14/18
Columbia County,NY,100,0,0,0,0,0,5/1/18,5/7/18
Columbia County,NY,100,0,0,0,0,0,4/24/18,4/30/18
Columbia County,NY,100,0,0,0,0,0,4/17/18,4/23/18
Columbia County,NY,100,0,0,0,0,0,4/10/18,4/16/18
Columbia County,NY,100,0,0,0,0,0,4/3/18,4/9/18
Columbia County,NY,100,0,0,0,0,0,3/27/18,4/2/18
Columbia County,NY,100,0,0,0,0,0,3/20/18,3/26/18
Columbia County,NY,100,0,0,0,0,0,3/13/18,3/19/18
Columbia County,NY,100,0,0,0,0,0,3/6/18,3/12/18
Columbia County,NY,100,0,0,0,0,0,2/27/18,3/5/18
Columbia County,NY,100,0,0,0,0,0,2/20/18,2/26/18
Columbia County,NY,100,0,0,0,0,0,2/13/18,2/19/18
Columbia County,NY,99.79,0.21,0,0,0,0,2/6/18,2/12/18
Columbia County,NY,0,100,0,0,0,0,1/30/18,2/5/18
Columbia County,NY,0,100,0,0,0,0,1/23/18,1/29/18
Columbia County,NY,0,100,0,0,0,0,1/16/18,1/22/18
Columbia County,NY,0,100,0,0,0,0,1/9/18,1/15/18
Columbia County,NY,0,100,0,0,0,0,1/2/18,1/8/18
Columbia County,NY,0,100,0,0,0,0,12/26/17,1/1/18