date,ndvi,soilt_avg,stage
10/15/19,0.514089666,11.15559317,germination/emergence
10/16/19,0.50776543,10.1300959,germination/emergence
10/17/19,0.500659271,8.669122871,germination/emergence
10/18/19,0.492895898,8.482515828,germination/emergence
10/19/19,0.484609225,8.32426494,germination/emergence
10/20/19,0.475933164,8.10200057,germination/emergence
10/21/19,0.467001629,9.452961381,germination/emergence
10/22/19,0.457948533,10.16118059,germination/emergence
10/23/19,0.448907789,11.27135032,germination/emergence
10/24/19,0.44001331,10.31881088,germination/emergence
10/25/19,0.43139901,10.33526653,fall tillering
10/26/19,0.423198802,9.777676042,fall tillering
10/27/19,0.415546598,8.970589574,fall tillering
10/28/19,0.408576313,10.22194514,fall tillering
10/29/19,0.402421859,10.60808605,fall tillering
10/30/19,0.397217149,12.06827165,fall tillering
10/31/19,0.393096096,14.05477064,fall tillering
11/1/19,0.390177371,11.20240523,fall tillering
11/2/19,0.388406743,7.250222937,fall tillering
11/3/19,0.387553107,6.030300792,fall tillering
11/4/19,0.387368792,5.748610195,fall tillering
11/5/19,0.387606124,7.851831849,fall tillering
11/6/19,0.388017429,6.378695981,fall tillering
11/7/19,0.388355036,4.455891864,fall tillering
11/8/19,0.388371271,2.282184458,fall tillering
11/9/19,0.387818462,1.031756973,fall tillering
11/10/19,0.386448935,1.473265028,fall tillering
11/11/19,0.384015017,3.586994505,fall tillering
11/12/19,0.380269036,2.932487106,fall tillering
11/13/19,0.374963319,0.055509106,fall tillering
11/14/19,0.367850192,-0.595214748,fall tillering
11/15/19,0.358681984,-0.118225161,fall tillering
11/16/19,0.34721102,0.058037615,fall tillering
11/17/19,0.333212232,-0.366281096,fall tillering
11/18/19,0.316716932,-0.080344025,fall tillering
11/19/19,0.298018707,0.672829803,fall tillering
11/20/19,0.277435713,1.108398056,fall tillering
11/21/19,0.255286103,1.516459084,fall tillering
11/22/19,0.231888035,2.615562852,fall tillering
11/23/19,0.207559663,1.468355592,fall tillering
11/24/19,0.182619143,1.545257187,fall tillering
11/25/19,0.15738463,2.536627865,fall tillering
11/26/19,0.13217428,3.476748641,dormant
11/27/19,0.107306248,3.992744462,dormant
11/28/19,0.08309869,3.670985794,dormant
11/29/19,0.059869761,1.332022603,dormant
11/30/19,0.037937617,0.439645306,dormant
12/1/19,0.017620412,-0.188924535,dormant
12/2/19,-0.000763697,-0.114056015,dormant
12/3/19,-0.016910986,0.092504358,dormant
12/4/19,-0.030681399,0.298363543,dormant
12/5/19,-0.042102318,0.551494058,dormant
12/6/19,-0.051216806,0.787968175,dormant
12/7/19,-0.058067926,0.989929851,dormant
12/8/19,-0.062698744,0.924847778,dormant
12/9/19,-0.065152323,1.229407803,dormant
12/10/19,-0.065471727,1.600167211,dormant
12/11/19,-0.06370002,0.80194602,dormant
12/12/19,-0.059880267,0.321630732,dormant
12/13/19,-0.054055532,0.238262033,dormant
12/14/19,-0.046268878,2.040790971,dormant
12/15/19,-0.036563369,1.998147583,dormant
12/16/19,-0.024982071,0.344368712,dormant
12/17/19,-0.011568046,-0.147613668,dormant
12/18/19,0.003635641,-0.146487617,dormant
12/19/19,0.020574962,-0.336124563,dormant
12/20/19,0.039071532,-0.502350394,dormant
12/21/19,0.058819752,-0.578090413,dormant
12/22/19,0.079502104,-0.52159578,dormant
12/23/19,0.100801073,-0.33274196,dormant
12/24/19,0.12239914,-0.081270679,dormant
12/25/19,0.14397879,-0.395093584,dormant
12/26/19,0.165222505,-0.367728297,dormant
12/27/19,0.185812768,0.39232049,dormant
12/28/19,0.205432063,0.806005335,dormant
12/29/19,0.223762873,0.418917751,dormant
12/30/19,0.240487681,0.35185593,dormant
12/31/19,0.25528897,0.392433898,dormant
1/1/20,0.267868333,0.190582053,dormant
1/2/20,0.278144118,0.061965879,dormant
1/3/20,0.286256407,0.771593428,dormant
1/4/20,0.292366055,1.488372819,dormant
1/5/20,0.296633916,0.590657489,dormant
1/6/20,0.299220844,0.070772425,dormant
1/7/20,0.300287695,-0.066787465,dormant
1/8/20,0.299995322,-0.222956324,dormant
1/9/20,0.29850458,-0.838866297,dormant
1/10/20,0.295976323,-0.676738803,dormant
1/11/20,0.292571406,2.325851615,spring growth
1/12/20,0.288450682,5.693917211,spring growth
1/13/20,0.283775007,1.596719122,spring growth
1/14/20,0.278705235,1.300848738,spring growth
1/15/20,0.27340222,1.94389472,spring growth
1/16/20,0.268026817,0.917834298,spring growth
1/17/20,0.262734527,-1.022253259,dormant
1/18/20,0.257620145,-1.961282714,dormant
1/19/20,0.252716358,-1.156043514,dormant
1/20/20,0.24805004,-1.295712455,dormant
1/21/20,0.243648061,-1.493983332,dormant
1/22/20,0.239537293,-1.462663953,dormant
1/23/20,0.235744607,-1.292202218,dormant
1/24/20,0.232296875,-1.078659519,dormant
1/25/20,0.229220969,-0.796653175,dormant
1/26/20,0.226543761,-0.497664754,dormant
1/27/20,0.224292121,-0.508282566,dormant
1/28/20,0.222492922,-0.577060286,dormant
1/29/20,0.221173034,-0.794704898,dormant
1/30/20,0.22035933,-1.149199947,dormant
1/31/20,0.220078681,-1.139878337,dormant
2/1/20,0.220357959,-0.846033319,dormant
2/2/20,0.221220107,-0.804766003,dormant
2/3/20,0.22264351,-0.782414023,dormant
2/4/20,0.224560973,-0.460051759,dormant
2/5/20,0.226901031,-0.277743403,dormant
2/6/20,0.229592217,-0.479268535,dormant
2/7/20,0.232563065,-0.4059189,dormant
2/8/20,0.235742111,-0.663145288,dormant
2/9/20,0.239057888,-0.885060294,dormant
2/10/20,0.242438931,-0.669862413,dormant
2/11/20,0.245813773,-0.512539132,dormant
2/12/20,0.24911095,-0.448137108,dormant
2/13/20,0.252258996,-0.386492952,dormant
2/14/20,0.255186445,-0.530161047,dormant
2/15/20,0.257821831,-0.867553218,dormant
2/16/20,0.260093688,-0.790921434,dormant
2/17/20,0.261930552,-0.733208084,dormant
2/18/20,0.263266139,-0.732523187,dormant
2/19/20,0.264092971,-0.634197299,dormant
2/20/20,0.26446372,-0.801029189,dormant
2/21/20,0.264436694,-1.092785899,dormant
2/22/20,0.264070199,-0.987621768,dormant
2/23/20,0.263422545,-0.814058526,dormant
2/24/20,0.262552037,-0.425634527,dormant
2/25/20,0.261516985,-0.057024542,dormant
2/26/20,0.260375695,0.075696325,dormant
2/27/20,0.259186475,0.176409817,dormant
2/28/20,0.258007633,-0.429452006,dormant
2/29/20,0.256897476,-0.838404481,dormant
3/1/20,0.255914312,-1.240318759,dormant
3/2/20,0.255116448,-0.821232462,dormant
3/3/20,0.254562193,0.866421715,dormant
3/4/20,0.254309853,0.9988657,dormant
3/5/20,0.254414229,0.760646041,dormant
3/6/20,0.25489034,0.334860738,dormant
3/7/20,0.255712509,0.199700451,dormant
3/8/20,0.256851246,0.485411263,dormant
3/9/20,0.258277062,3.038488801,rapid growth
3/10/20,0.259960468,4.930897411,rapid growth
3/11/20,0.261871974,3.826162831,rapid growth
3/12/20,0.263982091,2.743593232,rapid growth
3/13/20,0.26626133,4.270917352,rapid growth
3/14/20,0.268680202,3.29787995,rapid growth
3/15/20,0.271209217,2.327389971,rapid growth
3/16/20,0.273818886,0.884844081,rapid growth
3/17/20,0.276479719,1.517811076,rapid growth
3/18/20,0.279162228,2.713200982,rapid growth
3/19/20,0.281836923,2.525988436,rapid growth
3/20/20,0.284474314,5.901161687,rapid growth
3/21/20,0.28704666,4.198436832,rapid growth
3/22/20,0.289546031,1.370632664,rapid growth
3/23/20,0.291984769,0.663128471,rapid growth
3/24/20,0.294377113,0.921551641,rapid growth
3/25/20,0.296737302,0.803319391,rapid growth
3/26/20,0.299079576,2.072571135,rapid growth
3/27/20,0.301418174,4.669147348,rapid growth
3/28/20,0.303767336,3.334589259,rapid growth
3/29/20,0.306141302,4.086420552,rapid growth
3/30/20,0.30855431,3.694686985,rapid growth
3/31/20,0.3110206,2.967943048,rapid growth
4/1/20,0.313554412,2.713017241,termination