"0","summary(g3.3) 
"
"1","
Family:"
"1"," "
"1","gaussian"
"1"," "
"1","
"
"1","Link function:"
"1"," "
"1","identity"
"1"," "
"1","

"
"1","Formula:
"
"1","NEE ~ management * crop_stage_simple + s(year, bs = ""re"", by = as.factor(management)) + 
"
"1","    s(doy, bs = ""cc"", k = 20) + ti(soilt_avg_era5, vwc_avg_era5, 
"
"1","    by = as.factor(management), k = c(8, 8)) + s(soilt_avg_era5, 
"
"1","    by = as.factor(management), k = 10) + s(VPD, by = as.factor(management), 
"
"1","    k = 10) + s(vwc_avg_era5, by = as.factor(management), k = 10) + 
"
"1","    s(days_since_tillage, by = as.factor(management), k = 8)
"
"1","
Parametric coefficients:
"
"1","                                               "
"1"," Estimate"
"1"," Std. Error"
"1"," t value"
"1"," Pr(>|t|)"
"1","    "
"1","
(Intercept)                                    "
"1","  0.26351"
"1","    0.38986"
"1","   0.676"
"1","   0.4992"
"1","    "
"1","
managementorganic                              "
"1","  1.89957"
"1","    1.05165"
"1","   1.806"
"1","   0.0711"
"1"," .  "
"1","
crop_stage_simpleearly                         "
"1","  0.59973"
"1","    0.51417"
"1","   1.166"
"1","   0.2436"
"1","    "
"1","
crop_stage_simplefallow                        "
"1","  0.98130"
"1","    0.48301"
"1","   2.032"
"1","   0.0424"
"1"," *  "
"1","
crop_stage_simplegrain_fill                    "
"1"," -1.17352"
"1","    0.49120"
"1","  -2.389"
"1","   0.0170"
"1"," *  "
"1","
crop_stage_simplemature                        "
"1"," -0.17153"
"1","    0.42063"
"1","  -0.408"
"1","   0.6835"
"1","    "
"1","
crop_stage_simplereproductive                  "
"1"," -2.20959"
"1","    0.55017"
"1","  -4.016"
"1"," 6.21e-05"
"1"," ***"
"1","
crop_stage_simplevegetative                    "
"1","  0.14852"
"1","    0.40443"
"1","   0.367"
"1","   0.7135"
"1","    "
"1","
managementorganic:crop_stage_simpleearly       "
"1","  0.94452"
"1","    0.89132"
"1","   1.060"
"1","   0.2895"
"1","    "
"1","
managementorganic:crop_stage_simplefallow      "
"1"," -1.29237"
"1","    1.14134"
"1","  -1.132"
"1","   0.2577"
"1","    "
"1","
managementorganic:crop_stage_simplegrain_fill  "
"1"," -2.01622"
"1","    1.01780"
"1","  -1.981"
"1","   0.0478"
"1"," *  "
"1","
managementorganic:crop_stage_simplemature      "
"1"," -0.87923"
"1","    0.94283"
"1","  -0.933"
"1","   0.3512"
"1","    "
"1","
managementorganic:crop_stage_simplereproductive"
"1"," -0.05911"
"1","    0.96403"
"1","  -0.061"
"1","   0.9511"
"1","    "
"1","
managementorganic:crop_stage_simplevegetative  "
"1"," -0.96315"
"1","    0.67285"
"1","  -1.431"
"1","   0.1525"
"1","    "
"1","
"
"1","---
Signif. codes:  "
"1",""
"1","0 ‘***’ 0.001 ‘**’ 0.01 ‘*’ 0.05 ‘.’ 0.1 ‘ ’ 1"
"1","
"
"1","
"
"1","Approximate significance of smooth terms:
"
"1","                                                                 "
"1","       edf"
"1"," Ref.df"
"1","      F"
"1","  p-value"
"1","    "
"1","
s(year):as.factor(management)conventional                        "
"1"," 2.407e-07"
"1","  1.000"
"1","  0.000"
"1"," 8.41e-05"
"1"," ***"
"1","
s(year):as.factor(management)organic                             "
"1"," 7.691e-08"
"1","  1.000"
"1","  0.000"
"1"," 0.000416"
"1"," ***"
"1","
s(doy)                                                           "
"1"," 1.338e+01"
"1"," 18.000"
"1"," 14.805"
"1","  < 2e-16"
"1"," ***"
"1","
ti(soilt_avg_era5,vwc_avg_era5):as.factor(management)conventional"
"1"," 5.091e+00"
"1","  7.138"
"1","  2.803"
"1"," 0.006862"
"1"," ** "
"1","
ti(soilt_avg_era5,vwc_avg_era5):as.factor(management)organic     "
"1"," 1.148e+01"
"1"," 15.344"
"1","  1.529"
"1"," 0.077768"
"1"," .  "
"1","
s(soilt_avg_era5):as.factor(management)conventional              "
"1"," 1.001e+00"
"1","  1.002"
"1"," 12.818"
"1"," 0.000353"
"1"," ***"
"1","
s(soilt_avg_era5):as.factor(management)organic                   "
"1"," 4.839e+00"
"1","  5.815"
"1","  7.691"
"1","  < 2e-16"
"1"," ***"
"1","
s(VPD):as.factor(management)conventional                         "
"1"," 3.315e+00"
"1","  4.196"
"1"," 11.360"
"1","  < 2e-16"
"1"," ***"
"1","
s(VPD):as.factor(management)organic                              "
"1"," 6.672e+00"
"1","  7.680"
"1"," 42.909"
"1","  < 2e-16"
"1"," ***"
"1","
s(vwc_avg_era5):as.factor(management)conventional                "
"1"," 2.710e+00"
"1","  3.448"
"1","  1.032"
"1"," 0.436569"
"1","    "
"1","
s(vwc_avg_era5):as.factor(management)organic                     "
"1"," 5.855e+00"
"1","  7.022"
"1","  1.104"
"1"," 0.323542"
"1","    "
"1","
s(days_since_tillage):as.factor(management)conventional          "
"1"," 5.194e+00"
"1","  5.997"
"1","  2.558"
"1"," 0.018325"
"1"," *  "
"1","
s(days_since_tillage):as.factor(management)organic               "
"1"," 4.999e+00"
"1","  5.465"
"1"," 16.062"
"1","  < 2e-16"
"1"," ***"
"1","
"
"1","---
Signif. codes:  "
"1",""
"1","0 ‘***’ 0.001 ‘**’ 0.01 ‘*’ 0.05 ‘.’ 0.1 ‘ ’ 1"
"1","
"
"1","
"
"1","R-sq.(adj) = "
"1"," "
"1","0.551"
"1"," "
"1","  "
"1","Deviance explained = "
"1",""
"1","57.3"
"1",""
"1","%"
"1","
"
"1","-REML"
"1",""
"1"," = "
"1",""
"1","3574.6"
"1","  Scale est. = "
"1",""
"1","5.2089  "
"1",""
"1","  n = "
"1",""
"1","1559"
"1",""
"1","
"
