"0","cumulative_ec <- ec_daily_avg %>%
  arrange(management, date) %>%
  group_by(management, year) %>%
  mutate(
    cumulative_Rs = cumsum(Reco),
    cumulative_NEE = (cumsum(ifelse(is.na(co2_flux.c), 0, co2_flux.c)) + 
      co2_flux.c*0),
    cumulative_GPP = cumsum(GPP_f)
  ) %>%
  ungroup()
"
"1","[1m[33mError[39m in `mutate()`:[22m
[38;5;232m[36mℹ[38;5;232m In argument: `cumulative_NEE = (...)`.
[36mℹ[38;5;232m In group 1: `management = ""conventional""` `year = 2018`.[39m
[1mCaused by error:[22m
[33m![39m object 'co2_flux.c' not found
[90mRun `]8;;x-r-run:rlang::last_trace()rlang::last_trace()]8;;` to see where the error occurred.[39m
"
