"0","library(tidyverse)"
"0","library(readxl)"
"0","library(readr)"
"0","library(ggpubr)"
"0","library(naniar)"
"0","library(here)"
"0","library(sf) # for reading shape files"
"0","library(purrr)"
"0","library(lubridate)"
"0","library(hms)"
"0","library(ineq) # for Lc function: lorenz curve"
"0","library(ggstance)"
"0","library(visibly)"
"0","library(mgcv) # visualizing gam model results in Dharma"
"0","library(DHARMa)"
"0","library(gratia)"
"0","library(zoo)"
"0","library(epiR)  # For Lin's CCC calculation"
"0","library(GGally)"
"0","library(corrplot)"
"0","library(emmeans)"
